{
    "train": [
        {
            "accuracy": 0.0,
            "precision": 0.0,
            "recall": 0.0,
            "f1": 0.0,
            "loss": 2.590667724609375
        },
        {
            "accuracy": 0.0,
            "precision": 0.0,
            "recall": 0.0,
            "f1": 0.0,
            "loss": 2.5225398540496826
        }
    ],
    "validation": [
        {
            "accuracy": 0.5,
            "precision": 0.25,
            "recall": 0.5,
            "f1": 0.3333333333333333,
            "loss": 2.1209447383880615
        },
        {
            "accuracy": 0.5,
            "precision": 0.25,
            "recall": 0.5,
            "f1": 0.3333333333333333,
            "loss": 2.1209447383880615
        }
    ]
}